time,ratio
1,0.333333333333
2,1.0
3,1.0
4,0.0
5,0.5
6,0.0
7,0.0
8,0.333333333333
9,1.0
10,0.5
