time,ratio
1,0.5
2,0.0
3,0.666666666667
4,1.0
5,1.0
6,0.333333333333
