time,ratio
1,0.5
2,1.0
3,0.666666666667
4,0.5
5,1.0
6,0.0
7,1.0
8,0.5
9,1.0
10,1.0
11,1.0
12,1.0
13,1.0
14,0.0
15,1.0
16,1.0
17,0.0
18,0.5
19,1.0
20,1.0
21,1.0
22,0.666666666667
23,1.0
24,0.571428571429
25,0.0
