time,ratio
1,0.2
2,0.0
3,0.0
4,1.0
5,0.8
6,0.0
7,0.25
8,0.0
9,0.0
10,0.0
11,0.0
12,0.333333333333
13,0.75
14,0.0
15,0.5
16,0.666666666667
17,0.0
18,0.0
19,0.75
