time,ratio
1,1.0
2,1.0
3,0.0
4,1.0
5,1.0
6,1.0
7,1.0
8,0.666666666667
9,1.0
10,1.0
11,1.0
12,0.8
13,1.0
14,1.0
15,0.333333333333
16,1.0
17,1.0
18,1.0
19,1.0
20,0.0
21,0.5
22,1.0
23,0.5
24,0.0
