time,ratio
1,0.0
2,0.0
3,1.0
4,0.0
5,0.375
6,0.0
7,0.0
8,0.0
9,0.0
10,0.777777777778
11,0.0
12,0.0
13,0.4
14,0.0
15,0.444444444444
16,0.0
17,1.0
18,0.0
19,1.0
20,0.0
21,1.0
22,0.333333333333
23,0.0
24,0.0
25,1.0
